Workbook

Sheet Pivot Data
A3: Row Labels | B3: Sum of Pay Rate | C3: Sum of Total Pay
A4: Ali, Dana | B4: 75 | C4: 3450
A5: Chan, Daniel | B5: 100.5 | C5: 3919.5
A6: Fischer, Wolfgang | B6: 65 | C6: 2730
A7: Patel, Anika | B7: 3000 | C7: 88500
A8: Sanchez, Alexis | B8: 150 | C8: 6600
A9: Grand Total | B9: 3390.5 | C9: 105199.5

Sheet raw data
A1: ID | B1: Name | C1: 43831 | D1: 43832 | E1: 43833 | F1: 43834 | G1: 43835 | H1: 43836 | I1: Total Pay
A2: G001 | B2: Chan, Daniel | C2: 8 | D2: 8 | E2: 8.5 | F2: 7 | G2: 5 | H2: 2.5
A3: G002 | B3: Ali, Dana | C3: 8.5 | D3: 7 | E3: 8 | F3: 8 | G3: 9 | H3: 5.5
A4: G003 | B4: Sanchez, Alexis | C4: 7.5 | D4: 6.5 | E4: 10 | F4: 8 | G4: 7 | H4: 5
A5: G004 | B5: Fischer, Wolfgang | C5: 8 | D5: 8 | E5: 8 | F5: 7 | G5: 7 | H5: 4
A6: G005 | B6: Patel, Anika | C6: 6 | D6: 5 | E6: 5 | F6: 5.5 | G6: 6 | H6: 2
B14: Names | C14: 43831 | D14: 43832 | E14: 43833 | F14: 43834 | G14: 43835 | H14: 43836 | I14: Hours | J14: Pay Rate | K14: Total Pay
B15: =TRIM(B2) -> Chan, Daniel | C15: =VALUE(C2) -> 8 | D15: =VALUE(D2) -> 8 | E15: =VALUE(E2) -> 8.5 | F15: =VALUE(F2) -> 7 | G15: =VALUE(G2) -> 5 | H15: =VALUE(H2) -> 2.5 | I15: =SUM(C15:H15) -> 39 | J15: =VLOOKUP(A2, 'data map rules'!$A$2:$D$6, 4, FALSE) -> 100.5 | K15: =PRODUCT(I15, J15) -> 3919.5
B16: =TRIM(B3) -> Ali, Dana | C16: =VALUE(C3) -> 8.5 | D16: =VALUE(D3) -> 7 | E16: =VALUE(E3) -> 8 | F16: =VALUE(F3) -> 8 | G16: =VALUE(G3) -> 9 | H16: =VALUE(H3) -> 5.5 | I16: =SUM(C16:H16) -> 46 | J16: =VLOOKUP(A3, 'data map rules'!$A$2:$D$6, 4, FALSE) -> 75 | K16: =PRODUCT(I16, J16) -> 3450
B17: =TRIM(B4) -> Sanchez, Alexis | C17: =VALUE(C4) -> 7.5 | D17: =VALUE(D4) -> 6.5 | E17: =VALUE(E4) -> 10 | F17: =VALUE(F4) -> 8 | G17: =VALUE(G4) -> 7 | H17: =VALUE(H4) -> 5 | I17: =SUM(C17:H17) -> 44 | J17: =VLOOKUP(A4, 'data map rules'!$A$2:$D$6, 4, FALSE) -> 150 | K17: =PRODUCT(I17, J17) -> 6600
B18: =TRIM(B5) -> Fischer, Wolfgang | C18: =VALUE(C5) -> 8 | D18: =VALUE(D5) -> 8 | E18: =VALUE(E5) -> 8 | F18: =VALUE(F5) -> 7 | G18: =VALUE(G5) -> 7 | H18: =VALUE(H5) -> 4 | I18: =SUM(C18:H18) -> 42 | J18: =VLOOKUP(A5, 'data map rules'!$A$2:$D$6, 4, FALSE) -> 65 | K18: =PRODUCT(I18, J18) -> 2730
B19: =TRIM(B6) -> Patel, Anika | C19: =VALUE(C6) -> 6 | D19: =VALUE(D6) -> 5 | E19: =VALUE(E6) -> 5 | F19: =VALUE(F6) -> 5.5 | G19: =VALUE(G6) -> 6 | H19: =VALUE(H6) -> 2 | I19: =SUM(C19:H19) -> 29.5 | J19: =VLOOKUP(A6, 'data map rules'!$A$2:$D$6, 4, FALSE) -> 3000 | K19: =PRODUCT(I19, J19) -> 88500

Sheet data map rules
A1: ID | B1: DOH | C1: Status | D1: Pay Rate
A2: G001 | B2: 40532 | C2: On Leave | D2: 100.5
A3: G002 | B3: 40183 | C3: Contractor | D3: 75
A4: G003 | B4: 40858 | C4: Full-Time | D4: 150
A5: G004 | B5: 43232 | C5: Contractor | D5: 65
A6: G005 | B6: 43832 | C6: Full-Time | D6: 3000
